n,mode,input_rate,rep,consensus_tps,consensus_latency_ms,execution_tps,execution_latency_ms,slots_committed
10,bof,500,1,458.1,670.45,458.1,670.75,289
10,bof,500,2,440.1,750.1,440.1,750.4,251
10,bof,500,3,510.2,564.9,510.2,565.05,595
10,bof,500,4,494.9,559.45,494.9,559.65,571
10,bof,1000,2,821.7,1114.9,821.7,1115.9,243
10,bof,1000,3,1031.3,795.65,1031.3,796.4,411
10,bof,1000,5,1030.4,838.95,1030.5,839.85,275
10,bof,2000,1,575.5,909.35,575.5,909.7,149
10,bof,2000,2,1070.5,994.25,1072.1,995.45,129
10,bof,2000,3,2130.4,1048.4,2138.1,1049.25,150
10,bof,2000,4,1276.7,2192.7,1280.2,2194.3,133
10,bof,2000,5,2156.1,859.05,2166.1,859.9,144
10,bof,4000,1,3234.3,528.5,3235.1,532.05,57
10,bof,4000,2,2703.6,706.9,2705.0,622.9,45
10,bof,4000,3,2719.1,756.7,2720.3,760.25,48
10,bof,4000,4,3496.4,719.1,3497.7,724.0,53
10,bof,4000,5,2617.2,686.8,2617.9,690.25,48
10,bof,6000,1,1682.7,698.7,1683.4,700.6,17
10,bof,6000,2,3759.4,506.0,3775.7,511.95,16
10,bof,6000,3,2969.2,617.8,2969.9,621.15,23
10,bof,6000,4,2893.8,711.5,2894.2,718.95,23
10,bof,6000,5,3972.1,610.1,3961.8,617.3,15
10,bof,8000,1,3239.0,461.95,3239.3,467.2,32
10,bof,8000,2,3226.7,521.7,3229.3,528.35,23
10,bof,8000,3,2651.8,599.2,2652.1,601.6,19
10,bof,8000,4,4104.1,720.25,4104.9,724.55,24
10,bof,8000,5,2346.2,563.2,2347.7,477.3,18
10,bof,10000,1,6502.5,558.5,6431.7,586.8,15
10,bof,10000,2,2838.5,528.5,2839.2,541.45,18
10,bof,10000,3,5565.0,516.05,5565.5,523.2,27
10,bof,10000,4,9043.5,558.15,8821.2,581.0,13
10,bof,10000,5,3615.0,456.45,3616.3,461.65,22
10,bof,12000,1,6406.1,645.7,2967.2,528.4,16
10,bof,12000,2,5453.0,432.7,5453.8,440.4,23
10,bof,12000,3,7065.6,674.8,3536.7,695.8,15
10,bof,12000,4,3677.7,757.85,3680.1,766.25,19
10,bof,12000,5,5902.8,604.65,5909.6,612.15,29
10,bof,15000,1,4126.3,361.1,4129.1,372.1,12
10,bof,15000,2,7934.0,586.7,7942.8,602.3,20
10,bof,15000,3,6509.8,738.65,6511.6,742.8,16
10,bof,15000,4,4036.7,564.3,4039.0,488.3,15
10,bof,15000,5,7248.0,554.0,7255.4,576.35,14
10,bof,20000,1,10589.5,485.8,10609.0,498.75,22
10,bof,20000,2,9349.3,769.0,9357.8,773.8,18
10,bof,20000,3,7497.4,357.5,7510.0,372.95,20
10,bof,20000,4,10532.0,559.45,10545.7,572.5,21
10,bof,20000,5,5705.0,504.5,5707.5,525.55,18
10,bof,25000,1,5529.6,497.9,5531.0,506.0,19
10,bof,25000,2,9347.1,671.05,9366.0,676.45,18
10,bof,25000,3,6964.9,609.2,6969.6,622.0,17
10,bof,25000,4,10349.0,660.15,10360.4,674.0,20
10,bof,25000,5,10505.2,584.5,10518.8,596.45,20
10,bof,30000,1,10368.2,640.65,10382.1,658.0,20
10,bof,30000,2,6651.6,323.85,6653.1,331.4,15
10,bof,30000,3,7301.4,601.45,7308.6,619.4,19
10,bof,30000,4,10439.2,762.25,10448.2,775.95,20
10,bof,30000,5,4727.6,389.75,4728.4,398.3,17
10,bof,40000,1,10222.5,823.65,10233.2,841.25,20
10,bof,40000,2,6563.9,760.05,6569.7,772.5,17
10,bof,40000,3,10712.5,769.25,10727.7,784.8,20
10,bof,40000,4,9000.2,483.3,9009.5,496.3,18
10,bof,40000,5,10450.9,656.85,10455.5,665.55,20
10,bof,50000,1,7497.1,661.8,7506.3,673.6,19
10,bof,50000,2,10421.5,717.1,10430.2,638.2,20
10,bof,50000,3,6982.5,454.95,6984.1,463.6,17
10,bof,50000,4,13840.1,703.7,13871.0,755.35,19
10,bof,50000,5,7704.5,939.3,7715.1,963.2,20
16,bof,500,1,483.1,468.55,483.1,468.65,842
16,bof,500,2,460.9,649.65,459.4,650.75,448
16,bof,500,3,436.5,758.6,436.5,758.9,292
16,bof,500,4,407.6,992.2,407.6,992.7,297
16,bof,500,5,503.1,491.15,503.1,491.25,894
16,bof,1000,1,1003.3,867.25,1003.3,870.25,309
16,bof,1000,2,933.3,757.5,933.3,757.9,416
16,bof,1000,3,989.0,873.15,989.0,877.0,313
16,bof,1000,4,963.9,1220.3,963.9,1221.5,267
16,bof,1000,5,930.3,1315.55,930.4,1316.55,226
16,bof,2000,1,10345.0,993.8,10345.7,994.0,221
16,bof,2000,2,3864.6,893.0,3864.6,894.7,222
16,bof,2000,3,896.7,1361.35,897.5,1362.65,155
16,bof,2000,4,10765.7,979.1,10766.2,980.6,218
16,bof,2000,5,6581.0,1029.45,6581.1,1030.3,224
16,bof,4000,1,3098.4,658.95,3101.4,661.5,89
16,bof,4000,2,3442.8,671.2,3448.3,676.55,92
16,bof,4000,3,2770.7,790.0,2775.6,795.35,73
16,bof,4000,4,3033.2,728.05,3035.2,731.8,70
16,bof,4000,5,3606.3,648.5,3609.8,652.35,115
16,bof,6000,1,5398.9,623.7,5401.9,627.35,82
16,bof,6000,2,4944.0,583.1,4946.8,589.95,80
16,bof,6000,3,4235.0,721.25,4235.6,729.3,62
16,bof,6000,4,4183.4,707.0,4183.9,715.4,63
16,bof,6000,5,4122.6,669.3,4126.4,674.35,64
16,bof,8000,1,4943.5,508.95,4957.7,515.95,47
16,bof,8000,2,4646.7,618.55,4658.3,625.9,46
16,bof,8000,3,6262.0,446.3,6275.0,451.65,64
16,bof,8000,4,4251.8,732.35,4255.9,746.1,45
16,bof,8000,5,6276.3,536.65,6280.1,542.7,64
16,bof,10000,1,5353.0,521.9,5354.5,531.8,45
16,bof,10000,2,5803.8,480.95,5804.7,488.3,50
16,bof,10000,3,7365.6,443.7,7369.4,451.45,52
16,bof,10000,4,7312.1,462.0,7315.2,469.05,52
16,bof,10000,5,4704.6,533.0,4705.4,555.4,34
16,bof,12000,1,6417.5,389.7,6424.4,401.1,45
16,bof,12000,2,5345.1,400.9,5347.1,416.8,38
16,bof,12000,3,8434.5,365.8,8439.5,376.0,47
16,bof,12000,4,8278.1,507.1,8309.1,518.3,47
16,bof,12000,5,6905.5,404.25,6907.6,414.9,39
16,bof,15000,1,7482.2,599.75,7484.3,617.8,32
16,bof,15000,2,5147.0,361.0,5149.2,369.6,23
16,bof,15000,3,6991.1,512.15,6994.5,529.05,33
16,bof,15000,4,7107.9,489.1,7110.1,502.75,34
16,bof,15000,5,9472.4,515.4,9481.6,536.7,34
16,bof,20000,1,7976.8,405.0,7993.1,415.6,28
16,bof,20000,2,11772.8,474.5,11789.0,483.05,31
16,bof,20000,3,11202.9,429.65,11256.3,441.4,29
16,bof,20000,4,8010.8,523.0,8029.3,528.9,30
16,bof,20000,5,11226.3,512.6,11284.0,527.2,31
16,bof,25000,1,11824.4,477.5,11841.0,511.95,26
16,bof,25000,2,11885.4,419.7,11905.9,449.55,26
16,bof,25000,3,10877.1,418.5,10916.8,448.4,26
16,bof,25000,4,11332.6,470.5,11380.6,506.4,25
16,bof,25000,5,11934.0,454.05,11998.6,476.45,25
16,bof,30000,1,8110.6,537.9,8120.9,563.0,25
16,bof,30000,2,11347.0,521.95,11414.2,544.4,26
16,bof,30000,3,12154.4,566.75,12168.1,592.2,25
16,bof,30000,4,11764.1,537.4,11775.5,573.65,25
16,bof,30000,5,11781.5,529.5,11829.5,558.15,25
16,bof,40000,1,11561.6,611.3,11630.9,641.4,25
16,bof,40000,2,11979.5,663.4,12025.5,694.35,25
16,bof,40000,3,11764.0,678.05,11816.9,714.2,25
16,bof,40000,4,10965.7,657.5,11014.2,692.7,25
16,bof,40000,5,11125.2,673.7,11168.5,706.55,26
16,bof,50000,1,11292.0,693.0,11328.1,728.3,26
16,bof,50000,2,11312.5,694.6,11353.8,730.0,25
16,bof,50000,3,11580.3,721.45,11611.6,753.35,25
16,bof,50000,4,11258.0,707.4,11323.7,736.95,26
16,bof,50000,5,11425.5,686.4,11479.8,721.05,26
22,bof,500,1,407.6,798.1,407.6,798.45,280
22,bof,500,2,480.9,545.65,480.9,545.75,961
22,bof,500,3,495.6,465.4,495.6,465.5,1232
22,bof,500,4,427.0,765.4,427.0,765.75,362
22,bof,500,5,468.9,586.35,468.9,586.55,777
22,bof,1000,1,561.1,1104.2,562.0,1082.15,109
22,bof,1000,2,766.4,717.2,766.5,717.75,233
22,bof,1000,3,730.5,717.3,730.5,717.8,209
22,bof,1000,4,1029.6,1200.3,1029.7,1200.7,502
22,bof,1000,5,820.7,1498.4,820.7,1499.6,343
22,bof,2000,1,1964.8,799.15,1964.8,799.8,285
22,bof,2000,2,3206.1,837.8,3206.1,838.2,287
22,bof,2000,3,1004.2,1171.5,1004.2,1172.75,176
22,bof,2000,4,2043.0,1008.0,2043.0,1008.6,285
22,bof,2000,5,3253.2,806.2,3253.2,806.6,287
22,bof,4000,1,3587.3,718.8,3590.8,722.6,153
22,bof,4000,2,3745.6,746.35,3753.6,750.75,152
22,bof,4000,3,3733.0,689.4,3735.3,694.6,154
22,bof,4000,4,3713.1,727.55,3718.9,729.0,153
22,bof,4000,5,3759.6,732.5,3768.9,737.3,152
22,bof,6000,1,5208.4,516.35,5219.4,522.4,101
22,bof,6000,2,5276.3,605.5,5277.3,610.1,102
22,bof,6000,3,4639.2,681.5,4640.1,686.5,68
22,bof,6000,4,5207.9,638.55,5216.8,643.3,101
22,bof,6000,5,5233.5,615.3,5235.4,618.75,101
22,bof,8000,1,6552.0,509.85,6560.9,512.0,75
22,bof,8000,2,6069.6,643.65,6074.2,652.6,65
22,bof,8000,3,5196.5,531.35,5201.6,543.75,56
22,bof,8000,4,5121.6,582.3,5124.1,585.1,57
22,bof,8000,5,6446.2,551.8,6464.1,561.9,76
22,bof,10000,1,5687.1,472.5,5694.2,490.6,43
22,bof,10000,2,7668.4,425.45,7672.5,437.45,57
22,bof,10000,3,7602.3,543.35,7610.8,556.85,56
22,bof,10000,4,7599.0,448.35,7642.6,467.4,55
22,bof,10000,5,3486.3,644.3,3492.7,644.95,41
22,bof,12000,1,8934.6,550.05,8938.5,570.6,46
22,bof,12000,2,8413.4,537.25,8417.1,555.2,48
22,bof,12000,3,8706.7,536.2,8711.8,553.65,46
22,bof,12000,4,8554.7,525.55,8561.7,537.8,47
22,bof,12000,5,8441.9,516.35,8445.3,534.2,48
22,bof,15000,1,9621.2,362.8,9627.5,381.2,35
22,bof,15000,2,9795.6,404.1,9802.7,425.6,34
22,bof,15000,3,9914.9,408.65,9923.2,441.05,33
22,bof,15000,4,7154.5,337.95,7157.6,365.1,34
22,bof,15000,5,9429.2,390.55,9436.8,421.05,35
22,bof,20000,1,8925.2,569.65,8966.8,636.75,31
22,bof,20000,2,9152.4,604.7,9175.5,645.95,31
22,bof,20000,3,10092.4,635.35,10117.0,680.25,31
22,bof,20000,4,8909.1,625.3,8941.8,667.85,30
22,bof,20000,5,10088.2,648.15,10102.5,685.2,30
22,bof,25000,1,9284.9,762.9,9319.6,806.35,31
22,bof,25000,2,7070.2,766.7,7085.9,798.75,30
22,bof,25000,3,9528.8,759.9,9547.8,797.65,30
22,bof,25000,4,8672.0,694.55,8709.2,767.6,31
22,bof,25000,5,9932.1,764.5,10008.7,803.75,30
22,bof,30000,1,6995.2,839.5,7010.3,880.7,30
22,bof,30000,2,8890.5,819.55,8916.8,878.0,30
22,bof,30000,3,7214.2,822.9,7249.4,870.55,29
22,bof,30000,4,10111.2,821.2,10176.7,864.6,30
22,bof,30000,5,9973.2,801.5,10023.0,850.3,30
22,bof,40000,1,9823.3,945.1,9852.9,986.15,30
22,bof,40000,2,9987.5,945.25,10027.5,985.8,30
22,bof,40000,3,9216.6,1034.85,9244.9,1081.2,31
22,bof,40000,4,9288.1,959.1,9344.0,1011.8,30
22,bof,40000,5,9088.2,1007.9,9136.4,1054.9,31
22,bof,50000,1,9262.4,1013.6,9320.7,1054.6,32
22,bof,50000,2,10255.1,1001.5,10316.3,1045.7,30
22,bof,50000,3,9531.0,1031.1,9571.4,1102.2,30
22,bof,50000,4,9458.0,983.75,9485.8,1022.2,31
22,bof,50000,5,9852.8,1013.3,9882.6,1065.15,31
